{"stats":{"minecraft:picked_up":{"minecraft:oak_sign":1,"minecraft:rotten_flesh":1},"minecraft:custom":{"minecraft:time_since_rest":275,"minecraft:walk_one_cm":207431,"minecraft:leave_game":4,"minecraft:damage_taken":70,"minecraft:play_time":482999,"minecraft:damage_dealt":30,"minecraft:jump":1226,"minecraft:time_since_death":242,"minecraft:drop":1,"minecraft:sprint_one_cm":238645,"minecraft:fall_one_cm":14425,"minecraft:total_world_time":690304,"minecraft:fly_one_cm":2032688,"minecraft:crouch_one_cm":1438,"minecraft:sneak_time":4329,"minecraft:climb_one_cm":7591,"minecraft:deaths":2},"minecraft:used":{"minecraft:polished_tuff":3,"minecraft:purple_dye":1,"minecraft:grass_block":3,"minecraft:white_terracotta":3,"minecraft:honeycomb":19,"minecraft:andesite":2,"minecraft:light_blue_dye":3,"minecraft:polished_deepslate":9,"minecraft:test_instance_block":1,"minecraft:black_concrete":113,"minecraft:repeating_command_block":7,"minecraft:green_dye":2,"minecraft:bone_meal":1508,"minecraft:oak_sign":35,"minecraft:yellow_dye":2,"minecraft:orange_dye":1,"minecraft:black_stained_glass_pane":54,"minecraft:command_block":8,"minecraft:green_concrete":9,"minecraft:quartz_block":13,"minecraft:dark_oak_sign":5,"minecraft:red_wool":11,"minecraft:pink_dye":1,"minecraft:oak_leaves":10,"minecraft:brown_dye":2,"minecraft:light":357,"minecraft:polished_tuff_stairs":6,"minecraft:glow_ink_sac":17,"minecraft:test_block":4,"minecraft:beacon":4,"minecraft:oak_log":1,"minecraft:cherry_sign":4,"minecraft:stone":11,"minecraft:polished_andesite":1,"minecraft:tinted_glass":20,"minecraft:barrier":21,"minecraft:deepslate_tiles":3,"minecraft:blue_stained_glass_pane":1,"minecraft:oak_planks":9,"minecraft:oak_sapling":149,"minecraft:lime_dye":5},"minecraft:dropped":{"minecraft:oak_sign":1}},"DataVersion":4440}